elapsed_s,rss_mb,uss_mb,handles,threads,cpu_pct,delta_mb,note
0.0,55.1,21.9,300,7,0.0,0.0,
1.0,55.1,21.9,300,7,0.0,0.0,
2.0,55.1,21.9,300,7,0.0,0.0,
3.0,63.6,24.3,389,16,1.5,8.6,
4.0,63.2,23.9,387,16,0.0,-0.4,
5.0,111.2,55.6,395,17,20.1,48.0,
6.1,107.1,44.8,517,18,44.9,-4.1,
7.1,222.5,141.2,621,81,1044.7,115.3,▲ SPIKE
8.1,58.9,42.7,583,63,794.1,-163.5,▼ RELEASE
9.1,59.0,42.7,583,63,1.5,0.1,
10.1,59.0,42.7,583,63,9.3,0.0,
11.1,59.0,42.7,583,63,0.0,0.0,
12.1,59.3,42.7,583,63,0.0,0.2,
13.1,59.3,42.7,583,63,0.0,0.0,
14.1,59.3,42.7,583,63,0.0,0.0,
15.1,59.3,42.7,583,63,0.0,0.0,
16.2,59.3,42.7,583,63,0.0,0.0,
17.2,59.3,42.7,583,63,0.0,0.0,
18.2,59.3,42.7,583,63,0.0,0.0,
19.2,59.3,42.7,583,63,0.0,0.0,
20.2,59.3,42.7,583,63,0.0,0.0,
21.2,59.3,42.7,583,63,0.0,0.0,
22.2,59.3,42.7,583,63,0.0,0.0,
23.2,59.3,42.7,583,63,0.0,0.0,
24.2,59.3,42.7,583,63,0.0,0.0,
25.2,59.3,42.7,583,63,0.0,0.0,
26.2,59.3,42.7,583,63,0.0,0.0,
27.2,59.3,42.7,583,63,0.0,0.0,
28.3,59.3,42.7,583,63,0.0,0.0,
29.3,59.3,42.7,582,63,0.0,0.1,
30.3,59.3,42.7,582,63,0.0,0.0,
31.3,59.3,42.7,582,63,0.0,0.0,
32.3,59.3,42.7,582,63,0.0,0.0,
33.3,59.3,42.7,582,63,0.0,0.0,
34.3,59.3,42.7,582,63,0.0,0.0,
35.3,59.3,42.7,582,63,0.0,0.0,
36.3,59.3,42.7,582,63,0.0,0.0,
37.3,59.3,42.7,582,63,0.0,0.0,
38.3,59.3,42.7,582,63,0.0,0.0,
39.4,59.3,42.7,582,63,0.0,0.0,
40.4,59.3,42.7,582,63,0.0,0.0,
41.4,59.3,42.7,582,63,0.0,0.0,
42.4,59.4,42.8,558,55,0.0,0.1,
43.4,59.4,42.8,558,55,0.0,0.0,
44.4,59.4,42.8,558,55,0.0,0.0,
45.4,59.4,42.8,558,55,0.0,0.0,
46.4,59.4,42.8,558,55,0.0,0.0,
47.4,59.4,42.8,558,55,0.0,0.0,
48.4,59.4,42.8,558,55,0.0,0.0,
49.4,59.4,42.8,558,55,0.0,0.0,
50.5,59.4,42.8,558,55,0.0,0.0,
51.5,59.4,42.8,558,55,0.0,0.0,
52.5,59.4,42.8,558,55,0.0,0.0,
53.5,59.4,42.8,558,55,0.0,0.0,
54.5,59.4,42.8,558,55,0.0,0.0,
55.5,59.4,42.8,558,55,0.0,0.0,
56.5,59.4,42.8,558,55,0.0,0.0,
57.5,59.4,42.8,558,55,0.0,0.0,
58.5,59.4,42.8,558,55,0.0,0.0,
59.5,59.4,42.8,557,52,0.0,0.0,
60.5,59.4,42.8,557,52,0.0,0.0,
61.5,59.4,42.8,557,52,0.0,0.0,
62.6,59.4,42.8,557,52,0.0,0.0,
63.6,59.4,42.8,557,52,0.0,0.0,
64.6,59.4,42.8,557,52,0.0,0.0,
65.6,59.4,42.8,557,52,0.0,0.0,
66.6,59.4,42.8,559,52,0.0,0.0,
67.6,59.4,42.8,559,52,0.0,0.0,
68.6,59.4,42.8,559,52,0.0,0.0,
69.6,59.4,42.8,559,52,0.0,0.0,
70.6,59.4,42.8,559,52,0.0,0.0,
71.6,59.4,42.8,559,52,0.0,0.0,
72.6,59.4,42.8,559,52,0.0,0.0,
73.6,59.4,42.8,559,52,0.0,0.0,
74.7,59.4,42.8,559,52,0.0,0.0,
75.7,59.4,42.8,559,52,0.0,0.0,
76.7,59.4,42.8,559,52,0.0,0.0,
77.7,59.4,42.8,559,52,0.0,0.0,
78.7,59.4,42.8,559,52,0.0,0.0,
79.7,59.4,42.8,559,52,0.0,0.0,
80.7,59.4,42.8,559,52,0.0,0.0,
81.7,59.4,42.8,559,52,0.0,0.0,
82.7,59.4,42.8,559,52,0.0,0.0,
83.7,59.4,42.8,559,52,0.0,0.0,
84.7,59.4,42.8,559,52,0.0,0.0,
85.7,59.4,42.8,559,52,0.0,0.0,
86.8,59.4,42.8,559,52,0.0,0.0,
87.8,59.4,42.8,559,52,0.0,0.0,
88.8,59.4,42.8,559,52,0.0,0.0,
89.8,59.4,42.8,559,52,0.0,0.0,
90.8,59.4,42.8,559,52,0.0,0.0,
91.8,59.4,42.8,559,52,0.0,0.0,
92.8,59.4,42.8,559,52,0.0,0.0,
93.8,59.4,42.8,559,52,0.0,0.0,
94.8,59.4,42.8,559,52,0.0,0.0,
95.8,59.4,42.8,559,52,0.0,0.0,
96.8,59.4,42.8,559,52,0.0,0.0,
97.8,59.4,42.8,559,52,0.0,0.0,
98.9,59.4,42.8,559,52,0.0,0.0,
99.9,59.4,42.8,559,52,0.0,0.0,
100.9,59.4,42.8,559,52,0.0,0.0,
101.9,59.4,42.8,559,52,0.0,0.0,
102.9,59.4,42.8,559,52,0.0,0.0,
103.9,59.4,42.8,559,52,0.0,0.0,
104.9,59.4,42.8,559,52,0.0,0.0,
105.9,59.4,42.8,559,52,0.0,0.0,
106.9,59.4,42.8,559,52,0.0,0.0,
107.9,59.4,42.8,559,52,0.0,0.0,
108.9,59.4,42.8,559,52,0.0,0.0,
110.0,59.4,42.8,559,52,0.0,0.0,
111.0,59.4,42.8,559,52,0.0,0.0,
112.0,59.4,42.8,559,52,0.0,0.0,
113.0,59.4,42.8,559,52,0.0,0.0,
114.0,59.4,42.8,559,52,0.0,0.0,
115.0,59.4,42.8,559,52,0.0,0.0,
116.0,59.4,42.8,559,52,0.0,0.0,
117.0,59.4,42.8,559,52,0.0,0.0,
118.0,59.4,42.8,559,52,0.0,0.0,
119.0,59.4,42.8,559,52,0.0,0.0,
120.0,59.4,42.8,559,52,0.0,0.0,
121.0,59.4,42.8,559,52,0.0,0.0,
122.1,59.4,42.8,559,52,0.0,0.0,
123.1,59.4,42.8,559,52,0.0,0.0,
124.1,59.4,42.8,559,52,0.0,0.0,
125.1,59.4,42.8,559,52,0.0,0.0,
126.1,59.4,42.8,559,52,0.0,0.0,
127.1,59.4,42.8,559,52,0.0,0.0,
128.1,59.4,42.8,559,52,0.0,0.0,
129.1,59.5,42.8,559,52,0.0,0.1,
130.1,59.5,42.8,559,52,0.0,0.0,
131.1,59.5,42.8,559,52,0.0,0.0,
132.1,59.5,42.8,559,52,0.0,0.0,
133.2,59.5,42.8,547,49,0.0,0.0,
134.2,59.5,42.8,547,49,0.0,0.0,
135.2,59.5,42.8,547,49,0.0,0.0,
136.2,59.5,42.8,547,49,0.0,0.0,
137.2,59.5,42.8,547,49,0.0,0.0,
138.2,59.5,42.8,547,49,0.0,0.0,
139.2,59.5,42.8,547,49,0.0,0.0,
140.2,59.5,42.8,547,49,0.0,0.0,
141.2,59.5,42.8,547,49,0.0,0.0,
142.2,59.5,42.8,547,49,0.0,0.0,
143.2,59.5,42.8,547,49,0.0,0.0,
144.2,59.5,42.8,547,49,0.0,0.0,
145.3,59.5,42.8,547,49,0.0,0.0,
146.3,59.5,42.8,547,49,0.0,0.0,
147.3,59.5,42.8,547,49,0.0,0.0,
148.3,59.5,42.8,547,49,0.0,0.0,
149.3,59.5,42.8,547,49,0.0,0.0,
150.3,59.5,42.8,547,49,0.0,0.0,
151.3,59.5,42.8,547,49,0.0,0.0,
152.3,59.5,42.8,547,49,0.0,0.0,
153.3,59.5,42.8,547,49,0.0,0.0,
154.3,59.5,42.8,547,49,0.0,0.0,
155.3,59.5,42.8,547,49,0.0,0.0,
156.4,59.5,42.8,547,49,0.0,0.0,
157.4,59.5,42.8,547,49,0.0,0.0,
158.4,59.5,42.8,547,49,0.0,0.0,
159.4,59.7,42.9,548,51,0.0,0.1,
160.4,59.7,42.9,548,51,0.0,0.0,
161.4,59.7,42.9,548,51,0.0,0.0,
162.4,59.7,42.9,548,51,0.0,0.0,
163.4,59.7,42.9,548,51,0.0,0.0,
164.4,59.7,42.9,549,51,0.0,0.0,
165.4,59.7,42.9,549,51,0.0,0.0,
166.4,59.7,42.9,549,51,0.0,0.0,
167.4,59.7,42.9,549,51,0.0,0.0,
168.5,59.7,42.9,549,51,0.0,0.0,
169.5,59.7,42.9,549,51,0.0,0.0,
170.5,59.7,42.9,549,51,0.0,0.0,
171.5,59.7,42.9,549,51,0.0,0.0,
172.5,59.7,42.9,549,51,0.0,0.0,
173.5,59.7,42.9,549,51,0.0,0.0,
174.5,59.7,42.9,549,51,0.0,0.0,
175.5,59.7,42.9,549,51,0.0,0.0,
176.5,59.7,42.9,549,51,0.0,0.0,
177.5,59.7,42.9,549,51,0.0,0.0,
178.5,59.7,42.9,549,51,0.0,0.0,
179.5,59.7,42.9,549,51,0.0,0.0,
180.6,59.7,42.9,549,51,0.0,0.0,
181.6,59.7,42.9,549,51,0.0,0.0,
182.6,59.7,42.9,549,51,0.0,0.0,
183.6,59.7,42.9,548,51,0.0,0.0,
184.6,59.7,42.9,548,51,0.0,0.0,
185.6,59.7,42.9,548,51,0.0,0.0,
186.6,59.7,42.9,548,51,0.0,0.0,
187.6,59.7,42.9,548,51,0.0,0.0,
188.6,59.7,42.9,548,51,0.0,0.0,
189.6,59.7,42.9,548,51,0.0,0.0,
190.7,59.7,42.9,548,51,0.0,0.0,
191.7,59.7,42.9,548,51,0.0,0.0,
192.7,59.7,42.9,548,51,0.0,0.0,
193.7,59.7,42.9,548,51,0.0,0.0,
194.7,59.7,42.9,548,51,0.0,0.0,
195.7,59.7,42.9,548,51,0.0,0.0,
196.7,59.7,42.9,548,51,0.0,0.0,
197.7,59.7,42.9,548,51,0.0,0.0,
198.7,59.7,42.9,548,51,0.0,0.0,
199.7,59.7,42.9,548,51,0.0,0.0,
200.7,59.7,42.9,548,51,0.0,0.0,
201.7,59.7,42.9,548,51,0.0,0.0,
202.8,59.7,42.9,548,51,0.0,0.0,
203.8,59.7,42.9,548,51,0.0,0.0,
204.8,59.7,42.9,548,51,0.0,0.0,
205.8,59.7,42.9,548,51,0.0,0.0,
206.8,59.7,42.9,548,51,0.0,0.0,
207.8,59.7,42.9,548,51,0.0,0.0,
208.8,59.7,42.9,548,51,0.0,0.0,
209.8,59.7,42.9,548,51,0.0,0.0,
210.8,59.7,42.9,548,51,0.0,0.0,
211.8,59.7,42.9,548,51,0.0,0.0,
212.8,59.7,42.9,548,51,0.0,0.0,
213.9,59.7,42.9,548,51,0.0,0.0,
214.9,59.7,42.9,548,51,0.0,0.0,
215.9,59.7,42.9,548,51,0.0,0.0,
216.9,59.7,42.9,548,51,0.0,0.0,
217.9,59.7,42.9,548,51,0.0,0.0,
218.9,59.7,42.9,548,51,0.0,0.0,
219.9,59.7,42.9,548,51,0.0,0.0,
220.9,59.7,42.9,548,51,0.0,0.0,
221.9,59.7,42.9,548,51,0.0,0.0,
222.9,59.7,42.9,548,51,0.0,0.0,
223.9,59.7,42.9,548,51,0.0,0.0,
224.9,59.7,42.9,548,51,0.0,0.0,
226.0,59.7,42.9,548,51,0.0,0.0,
227.0,59.7,42.9,548,51,0.0,0.0,
228.0,59.7,42.9,548,51,0.0,0.0,
229.0,59.7,42.9,548,51,0.0,0.0,
230.0,59.7,42.9,548,51,0.0,0.0,
231.0,59.7,42.9,548,51,0.0,0.0,
232.0,59.7,42.9,548,51,0.0,0.0,
233.0,59.7,42.9,548,51,0.0,0.0,
234.0,59.7,42.9,548,51,0.0,0.0,
235.0,59.7,42.9,548,51,0.0,0.0,
236.0,59.7,42.9,548,51,0.0,0.0,
237.1,59.7,42.9,548,51,0.0,0.0,
238.1,59.7,42.9,548,51,0.0,0.0,
239.1,59.7,42.9,548,51,0.0,0.0,
240.1,59.7,42.9,548,51,0.0,0.0,
241.1,59.7,42.9,548,51,0.0,0.0,
242.1,59.7,42.9,548,51,0.0,0.0,
243.1,59.7,42.9,548,51,0.0,0.0,
244.1,59.7,42.9,548,51,0.0,0.0,
245.1,59.7,42.9,548,51,0.0,0.0,
246.1,59.7,42.9,548,51,0.0,0.0,
247.1,59.7,42.9,548,51,0.0,0.0,
248.1,59.7,42.9,548,51,0.0,0.0,
249.2,59.7,42.9,548,51,0.0,0.0,
250.2,59.7,42.9,548,51,0.0,0.0,
251.2,59.7,42.9,548,51,0.0,0.0,
252.2,59.7,42.9,548,51,0.0,0.0,
253.2,59.7,42.9,548,51,0.0,0.0,
254.2,59.7,42.9,548,51,0.0,0.0,
255.2,59.7,42.9,548,51,0.0,0.0,
256.2,59.7,42.9,548,51,0.0,0.0,
257.2,59.7,42.9,548,51,0.0,0.0,
258.2,59.7,42.9,548,51,0.0,0.0,
259.2,59.7,42.9,548,51,0.0,0.0,
260.3,59.7,42.9,548,51,0.0,0.0,
261.3,59.7,42.9,548,51,0.0,0.0,
262.3,59.7,42.9,548,51,0.0,0.0,
263.3,59.7,42.9,548,51,0.0,0.0,
264.3,59.7,42.9,548,51,0.0,0.0,
265.3,59.7,42.9,548,51,0.0,0.0,
266.3,59.7,42.9,548,51,0.0,0.0,
267.3,59.7,42.9,544,49,0.0,-0.0,
268.3,59.7,42.9,544,49,0.0,0.0,
269.3,59.7,42.9,544,49,0.0,0.0,
270.3,59.7,42.9,544,49,0.0,0.0,
271.4,59.7,42.9,544,49,0.0,0.0,
272.4,59.7,42.9,544,49,0.0,0.0,
273.4,59.7,42.9,544,49,0.0,0.0,
274.4,59.7,42.9,544,49,0.0,0.0,
275.4,59.7,42.9,544,49,0.0,0.0,
276.4,59.7,42.9,544,49,0.0,0.0,
277.4,59.7,42.9,544,49,0.0,0.0,
278.4,59.7,42.9,544,49,0.0,0.0,
279.4,59.7,42.9,544,49,0.0,0.0,
280.4,59.7,42.9,544,49,0.0,0.0,
281.4,59.7,42.9,544,49,0.0,0.0,
282.4,59.7,42.9,544,49,0.0,0.0,
283.5,59.7,42.9,544,49,0.0,0.0,
284.5,59.7,42.9,544,49,0.0,0.0,
285.5,59.7,42.9,544,49,0.0,0.0,
286.5,59.7,42.9,544,49,0.0,0.0,
287.5,59.7,42.9,544,49,0.0,0.0,
288.5,59.7,42.9,544,49,0.0,0.0,
289.5,59.7,42.9,544,49,0.0,0.0,
290.5,59.7,42.9,544,49,0.0,0.0,
291.5,59.7,42.9,544,49,0.0,0.0,
292.5,59.7,42.9,544,49,0.0,0.0,
293.5,59.7,42.9,544,49,0.0,0.0,
294.6,59.7,42.9,544,49,0.0,0.0,
295.6,59.7,42.9,544,49,0.0,0.0,
296.6,59.7,42.9,544,49,0.0,0.0,
297.6,59.7,42.9,544,49,0.0,0.0,
298.6,59.7,42.9,544,49,0.0,0.0,
299.6,60.6,43.0,544,51,0.0,0.9,
300.6,60.6,43.0,544,51,0.0,0.0,
301.6,60.6,43.0,544,51,0.0,0.0,
302.6,60.6,43.0,544,51,0.0,0.0,
303.6,60.6,43.0,544,51,0.0,0.0,
304.6,60.6,43.0,544,51,0.0,0.0,
305.7,60.6,43.0,544,51,0.0,0.0,
306.7,60.6,43.0,544,51,0.0,0.0,
307.7,60.6,43.0,544,51,0.0,0.0,
308.7,60.6,43.0,544,51,0.0,0.0,
309.7,60.6,43.0,544,51,0.0,0.0,
310.7,60.6,43.0,544,51,0.0,0.0,
311.7,60.6,43.0,544,51,0.0,0.0,
312.7,60.6,43.0,544,51,0.0,0.0,
313.7,60.6,43.0,544,51,0.0,0.0,
314.7,60.6,43.0,544,51,0.0,0.0,
315.7,60.6,43.0,544,51,0.0,0.0,
316.7,60.6,43.0,544,51,0.0,0.0,
317.8,60.6,43.0,544,51,0.0,0.0,
318.8,60.6,43.0,544,51,0.0,0.0,
319.8,60.6,43.0,544,51,0.0,0.0,
320.8,60.6,43.0,544,51,0.0,0.0,
321.8,60.6,43.0,544,51,0.0,0.0,
322.8,60.6,43.0,544,51,0.0,0.0,
323.8,60.6,43.0,544,51,0.0,0.0,
324.8,60.6,43.0,544,51,0.0,0.0,
325.8,60.6,43.0,544,51,0.0,0.0,
326.8,60.6,43.0,544,51,0.0,0.0,
327.8,60.6,43.0,544,51,0.0,0.0,
328.9,60.6,43.0,544,51,0.0,0.0,
329.9,60.6,43.0,544,51,0.0,0.0,
330.9,60.6,43.0,544,51,0.0,0.0,
331.9,60.6,43.0,544,51,0.0,0.0,
332.9,60.6,43.0,544,51,0.0,0.0,
333.9,60.6,43.0,544,51,0.0,0.0,
334.9,60.6,43.0,544,51,0.0,0.0,
335.9,60.6,43.0,544,51,0.0,0.0,
336.9,60.6,43.0,544,51,0.0,0.0,
337.9,60.6,43.0,544,51,0.0,0.0,
338.9,60.6,43.0,544,51,0.0,0.0,
339.9,60.6,43.0,544,51,0.0,0.0,
341.0,60.6,43.0,544,51,0.0,0.0,
342.0,60.6,43.0,544,51,0.0,0.0,
343.0,60.6,43.0,544,51,0.0,0.0,
344.0,60.6,43.0,544,51,0.0,0.0,
345.0,60.6,43.0,544,51,0.0,0.0,
346.0,60.6,43.0,544,51,0.0,0.0,
347.0,60.6,43.0,544,51,0.0,0.0,
348.0,60.6,43.0,544,51,0.0,0.0,
349.0,60.6,43.0,544,51,0.0,0.0,
350.0,60.6,43.0,544,51,0.0,0.0,
351.0,60.6,43.0,544,51,0.0,0.0,
352.1,60.6,43.0,544,51,0.0,0.0,
353.1,60.6,43.0,544,51,0.0,0.0,
354.1,60.6,43.0,544,51,0.0,0.0,
355.1,60.6,43.0,544,51,0.0,0.0,
356.1,60.6,43.0,544,51,0.0,0.0,
357.1,60.6,43.0,544,51,0.0,0.0,
358.1,60.6,43.0,544,51,0.0,0.0,
359.1,60.6,43.0,544,51,0.0,0.0,
360.1,60.6,43.0,544,51,0.0,0.0,
361.1,60.6,43.0,544,51,0.0,0.0,
362.1,60.6,43.0,544,51,0.0,0.0,
363.2,60.6,43.0,544,51,0.0,0.0,
364.2,60.6,43.0,546,51,0.0,0.0,
365.2,60.6,43.0,546,51,0.0,0.0,
366.2,60.6,43.0,546,51,0.0,0.0,
367.2,60.6,43.0,548,51,0.0,0.0,
368.2,60.6,43.0,548,51,0.0,0.0,
369.2,60.6,43.0,548,51,0.0,0.0,
370.2,60.6,43.0,548,51,0.0,0.0,
371.2,60.6,43.0,548,51,0.0,0.0,
372.2,60.6,43.0,548,51,0.0,0.0,
373.3,60.6,43.0,548,51,0.0,0.0,
374.3,60.6,43.0,548,51,0.0,0.0,
375.3,60.6,43.0,548,51,0.0,-0.0,
376.3,60.6,43.0,548,51,0.0,0.0,
377.3,60.6,43.0,548,51,0.0,0.0,
378.3,60.6,43.0,548,51,0.0,0.0,
379.3,60.6,43.0,544,50,0.0,0.0,
380.3,60.6,43.0,544,50,0.0,0.0,
381.3,60.6,43.0,544,50,0.0,0.0,
382.3,60.6,43.0,544,50,0.0,0.0,
383.3,60.6,43.0,544,50,0.0,0.0,
384.4,60.6,43.0,544,50,0.0,0.0,
385.4,60.6,43.0,544,50,0.0,0.0,
386.4,60.6,43.0,544,50,0.0,0.0,
387.4,60.6,43.0,544,50,0.0,0.0,
388.4,60.6,43.0,544,50,0.0,0.0,
389.4,60.6,43.0,544,50,0.0,0.0,
390.4,60.6,43.0,544,50,0.0,0.0,
391.4,60.6,43.0,544,50,0.0,0.0,
392.4,60.6,43.0,544,50,0.0,0.0,
393.4,60.6,43.0,544,50,0.0,0.0,
394.4,60.6,43.0,544,50,0.0,0.0,
395.5,60.6,43.0,544,50,0.0,0.0,
396.5,60.6,43.0,544,50,0.0,0.0,
397.5,60.6,43.0,544,50,0.0,0.0,
398.5,60.6,43.0,544,50,0.0,0.0,
399.5,60.6,43.0,544,50,0.0,0.0,
400.5,60.6,43.0,544,50,0.0,0.0,
401.5,60.6,43.0,544,49,0.0,-0.0,
402.5,60.6,43.0,544,49,0.0,0.0,
403.5,60.6,43.0,544,49,0.0,-0.0,
404.5,60.6,43.0,544,49,0.0,0.0,
405.5,60.6,43.0,544,49,0.0,0.0,
406.6,60.6,43.0,544,49,0.0,0.0,
407.6,60.6,43.0,544,49,0.0,0.0,
408.6,60.6,43.0,544,49,0.0,0.0,
409.6,60.6,43.0,544,49,0.0,0.0,
410.6,60.6,43.0,544,49,0.0,0.0,
411.6,60.6,43.0,544,49,0.0,0.0,
412.6,60.6,43.0,544,49,0.0,0.0,
413.6,60.6,43.0,544,49,0.0,0.0,
414.6,60.6,43.0,544,49,0.0,0.0,
415.6,60.6,43.0,544,49,0.0,0.0,
416.7,60.6,43.0,544,49,0.0,0.0,
417.7,60.6,43.0,544,49,0.0,0.0,
418.7,60.6,43.0,544,49,0.0,0.0,
419.7,60.6,43.0,544,49,0.0,0.0,
420.7,60.6,43.0,544,49,0.0,0.0,
421.7,60.6,43.0,544,49,0.0,0.0,
422.7,60.6,43.0,544,49,0.0,0.0,
423.7,60.6,43.0,544,49,0.0,0.0,
424.7,60.6,43.0,544,49,0.0,0.0,
425.7,60.6,43.0,544,49,0.0,0.0,
426.7,60.6,43.0,544,49,0.0,0.0,
427.7,60.6,43.0,544,49,0.0,0.0,
428.8,60.6,43.0,544,49,0.0,-0.0,
429.8,60.6,43.0,544,49,0.0,0.0,
430.8,60.6,43.0,544,49,0.0,0.0,
431.8,60.6,43.0,544,49,0.0,0.0,
432.8,60.6,43.0,544,49,0.0,0.0,
433.8,60.6,43.0,544,49,0.0,0.0,
434.8,60.6,43.0,544,49,0.0,0.0,
435.8,60.6,43.0,544,49,0.0,0.0,
436.8,60.6,43.0,544,49,0.0,0.0,
437.8,60.6,43.0,544,49,0.0,0.0,
438.8,60.6,43.0,544,49,0.0,0.0,
439.9,60.6,43.0,544,49,0.0,0.0,
440.9,60.6,43.0,544,49,0.0,0.0,
441.9,60.6,43.0,544,49,0.0,0.0,
442.9,60.6,43.0,544,49,0.0,0.0,
443.9,60.6,43.0,544,49,0.0,0.0,
444.9,60.6,43.0,544,49,0.0,0.0,
445.9,60.6,43.0,544,49,0.0,0.0,
446.9,60.6,43.0,544,49,0.0,0.0,
447.9,60.6,43.0,544,49,0.0,0.0,
448.9,60.6,43.0,544,49,0.0,0.0,
449.9,60.6,43.0,544,49,0.0,0.0,
451.0,60.6,43.0,544,49,0.0,0.0,
452.0,60.6,43.0,544,49,0.0,-0.0,
453.0,60.6,43.0,544,49,0.0,-0.0,
454.0,60.6,43.0,544,49,0.0,0.0,
455.0,60.6,43.0,544,49,0.0,0.0,
456.0,60.6,43.0,544,49,0.0,0.0,
457.0,60.6,43.0,544,49,0.0,0.0,
458.0,60.6,43.0,544,49,0.0,0.0,
459.0,60.6,43.0,544,49,0.0,0.0,
460.0,60.6,43.0,544,49,0.0,0.0,
461.0,60.6,43.0,544,49,0.0,0.0,
462.0,60.6,43.0,544,49,0.0,0.0,
463.1,60.6,43.0,544,49,0.0,0.0,
464.1,60.6,43.0,544,49,0.0,0.0,
465.1,60.6,43.0,544,49,0.0,0.0,
466.1,60.6,43.0,544,49,0.0,0.0,
467.1,60.6,43.0,544,49,0.0,0.0,
468.1,60.6,43.0,540,48,0.0,-0.0,
469.1,60.6,43.0,540,48,0.0,0.0,
470.1,60.6,43.0,540,48,0.0,0.0,
471.1,60.6,43.0,540,48,0.0,0.0,
472.1,60.6,43.0,540,48,0.0,0.0,
473.1,60.6,43.0,540,48,0.0,-0.0,
474.2,60.6,43.0,540,48,0.0,0.0,
475.2,60.6,43.0,540,48,0.0,0.0,
476.2,60.6,43.0,540,48,0.0,0.0,
477.2,60.6,43.0,540,48,0.0,0.0,
478.2,60.6,43.0,540,48,0.0,0.0,
479.2,60.6,43.0,540,48,0.0,0.0,
480.2,60.6,43.0,540,48,0.0,0.0,
481.2,60.6,43.0,540,48,0.0,0.0,
482.2,60.6,43.0,540,48,0.0,0.0,
483.2,60.6,43.0,540,48,0.0,0.0,
484.3,60.6,43.0,540,48,0.0,0.0,
485.3,60.6,43.0,540,48,0.0,0.0,
486.3,60.6,43.0,540,48,0.0,0.0,
487.3,60.6,43.0,540,48,0.0,0.0,
488.3,60.6,43.0,540,48,0.0,0.0,
489.3,60.6,43.0,540,48,0.0,0.0,
490.3,60.6,43.0,540,48,0.0,0.0,
491.3,60.6,43.0,540,48,0.0,0.0,
492.3,60.6,43.0,540,48,0.0,0.0,
493.3,60.6,43.0,540,48,0.0,0.0,
494.4,60.6,43.0,540,48,0.0,0.0,
495.4,60.6,43.0,540,48,0.0,0.0,
496.4,60.6,43.0,540,48,0.0,0.0,
497.4,60.6,43.0,540,48,0.0,0.0,
498.4,60.6,43.0,540,48,0.0,0.0,
499.4,60.6,43.0,540,48,0.0,0.0,
500.5,60.6,43.0,540,48,0.0,0.0,
501.5,60.6,43.0,540,48,0.0,0.0,
502.5,60.6,43.0,540,48,0.0,0.0,
503.5,60.6,43.0,540,48,0.0,0.0,
504.5,60.6,43.0,540,48,0.0,0.0,
505.5,60.6,43.0,540,48,0.0,0.0,
506.5,60.6,43.0,540,48,0.0,0.0,
507.5,60.6,43.0,540,48,0.0,0.0,
508.5,60.6,43.0,540,48,0.0,0.0,
509.6,60.6,43.0,540,48,0.0,0.0,
510.6,60.6,43.0,540,48,0.0,0.0,
511.6,60.6,43.0,540,48,0.0,0.0,
512.6,60.6,43.0,540,48,0.0,0.0,
513.6,60.6,43.0,540,48,0.0,0.0,
514.6,60.6,43.0,540,48,0.0,0.0,
515.6,60.6,43.0,540,48,0.0,0.0,
516.6,60.6,43.0,540,48,0.0,0.0,
517.6,60.6,43.0,540,48,0.0,0.0,
518.6,60.6,43.0,540,48,0.0,0.0,
519.7,60.6,43.0,540,48,0.0,0.0,
520.7,60.6,43.0,540,48,0.0,0.0,
521.7,60.6,43.0,540,48,0.0,0.0,
522.7,60.6,43.0,540,48,0.0,0.0,
523.7,60.6,43.0,540,48,0.0,0.0,
524.7,60.6,43.0,540,48,0.0,0.0,
525.7,60.6,43.0,540,48,0.0,0.0,
526.7,60.6,43.0,540,48,0.0,0.0,
527.7,60.6,43.0,540,48,0.0,0.0,
528.7,60.6,43.0,540,48,0.0,0.0,
529.7,60.6,43.0,540,48,0.0,0.0,
530.8,60.6,43.0,540,48,0.0,0.0,
531.8,60.6,43.0,540,48,0.0,0.0,
532.8,60.6,43.0,540,48,0.0,0.0,
533.8,60.6,43.0,540,48,0.0,0.0,
534.8,60.6,43.0,540,48,0.0,0.0,
535.8,60.6,43.0,540,48,0.0,0.0,
536.8,60.6,43.0,540,48,0.0,0.0,
537.8,60.6,43.0,540,48,0.0,0.0,
538.8,60.6,43.0,540,48,0.0,0.0,
539.8,60.6,43.0,540,48,0.0,0.0,
540.9,60.6,43.0,540,48,0.0,0.0,
541.9,60.6,43.0,540,48,0.0,0.0,
542.9,60.6,43.0,540,48,0.0,0.0,
543.9,60.6,43.0,540,48,0.0,0.0,
544.9,60.6,43.0,540,48,0.0,0.0,
545.9,60.6,43.0,540,48,0.0,0.0,
546.9,60.6,43.0,540,48,0.0,0.0,
547.9,60.6,43.0,540,48,0.0,0.0,
548.9,60.6,43.0,540,48,0.0,0.0,
549.9,60.6,43.0,540,48,0.0,0.0,
550.9,60.6,43.0,540,48,0.0,0.0,
552.0,60.6,43.0,540,48,0.0,0.0,
553.0,60.6,43.0,540,48,0.0,0.0,
554.0,60.6,43.0,540,48,0.0,0.0,
555.0,60.6,43.0,540,48,0.0,-0.0,
556.0,60.6,43.0,540,48,0.0,0.0,
557.0,60.6,43.0,540,48,0.0,0.0,
558.0,60.6,43.0,540,48,0.0,0.0,
559.0,60.6,43.0,540,48,0.0,0.0,
560.0,60.6,43.0,540,48,0.0,0.0,
561.0,60.6,43.0,540,48,0.0,0.0,
562.0,60.6,43.0,540,48,0.0,0.0,
563.1,60.6,43.0,540,48,0.0,0.0,
564.1,60.6,43.0,540,48,0.0,0.0,
565.1,60.6,43.0,540,48,0.0,0.0,
566.1,60.6,43.0,540,48,0.0,0.0,
567.1,60.6,43.0,540,48,0.0,0.0,
568.1,60.6,43.0,540,48,0.0,0.0,
569.1,60.6,43.0,540,48,0.0,0.0,
570.1,60.6,43.0,540,48,0.0,0.0,
571.1,60.6,43.0,540,48,0.0,0.0,
572.1,60.6,43.0,540,48,0.0,0.0,
573.1,60.6,43.0,540,48,0.0,0.0,
574.2,60.6,43.0,540,48,0.0,0.0,
575.2,60.6,43.0,540,48,0.0,0.0,
576.2,60.6,43.0,540,48,0.0,0.0,
577.2,60.6,43.0,540,48,0.0,0.0,
578.2,60.6,43.0,540,48,0.0,0.0,
579.2,60.6,43.0,540,48,0.0,0.0,
580.2,60.6,43.0,540,48,0.0,0.0,
581.2,60.6,43.0,540,48,0.0,0.0,
582.2,60.6,43.0,540,48,0.0,0.0,
583.2,60.6,43.0,540,48,0.0,0.0,
584.2,60.6,43.0,540,48,0.0,0.0,
585.3,60.6,43.0,540,48,0.0,0.0,
586.3,60.6,43.0,540,48,0.0,0.0,
587.3,60.6,43.0,540,48,0.0,0.0,
588.3,60.6,43.0,540,48,0.0,0.0,
589.3,60.6,43.0,540,48,0.0,0.0,
590.3,60.6,43.0,540,48,0.0,0.0,
591.3,60.6,43.0,540,48,0.0,0.0,
592.3,60.6,43.0,540,48,0.0,0.0,
593.3,60.6,43.0,540,48,0.0,0.0,
594.3,60.6,43.0,540,48,0.0,0.0,
595.3,60.6,43.0,540,48,0.0,0.0,
596.4,60.6,43.0,540,48,0.0,0.0,
597.4,60.6,43.0,540,48,0.0,0.0,
598.4,60.6,43.0,540,48,0.0,0.0,
599.4,60.6,43.0,540,50,0.0,0.1,
600.4,60.6,43.0,540,50,0.0,0.0,
